2018年07月06日,16368,230797,152146,1214068,5417,37338,8760,80753,395854,222810,342161,354602,50710,51017,17048,27803,96919,17253,36135,61037,11563,26575,19192,10960,839033,15574,48701,1104613,70026,30234,18691,39151,266700,140215,11768,84917,79042,109865,24824,41973,265621,3192657,17965,60284,80941,33822,57753,37574,2655672,742068,29597,425587,248484,218488,2033804,792278,45312,181036,694306,171013,64321,133047,253000,7148354,595927,4720147,1258336,1290819,2116973,4327132,218260,1102636,6756816,244736,2460536,1729206,157633,402366,207472,4195117,503599,4429573,327579,635357,780574,1220811,226946,577932,6444194,2863395,537299,653872,468277,369333,10594295,769717,260141,2099808,297773,12198221,26336105,2013497,4176274,2212813,540854,2140009,1136048,1434646,883913,21191295,50446510,2899955,6562070,1680798,3243644,19431095,3279857,77913308,1267673,2308453,1617177,6253983,10485511,3046214,7868153,9627571,26286282,9422371,4858970,8669637,13311951,56227673,24936123,23858325,8508788,12642930,778058936,5561561,10057009,14857011,15791798,24008214,14133588,10470569,24729835,6584471,10612556,11599934,22176150,11288421,17046449,27745961,79369196,16718084,15608346,33234918,41558141,28635008,20313778,10857988
2018年07月07日,16368,230797,152146,1214068,5417,37338,8760,80753,395854,222810,342161,354602,50710,51017,17048,27803,96919,17253,36135,61037,11563,26575,19192,10960,839033,15574,48701,1104613,70026,30234,18691,39151,266700,140215,11768,84917,79042,109865,24824,41973,265621,3192694,17965,60284,80941,33822,57753,37574,2655735,742068,29597,425587,248484,218488,2033804,792278,45312,181036,694306,171013,64321,133047,253000,7148354,595927,4720147,1258336,1290819,2116973,4327132,218260,1102636,6756816,251015,2460536,1729206,157633,402366,207472,4195117,503599,4429573,327579,635357,780574,1220811,226946,577932,6444188,2863395,537299,653872,468277,369333,10594295,769717,260141,2099808,297773,12198221,26336105,2015291,4178755,2212813,540854,2140009,1136048,1434646,883913,21212946,50446510,2899955,6562070,1680798,3243644,19431095,3279857,77913308,1267673,2308453,1617177,6253983,10488376,3046214,7868153,9627571,26286282,9424471,4858970,8669637,13311951,56441105,24965504,23900099,8508788,12642930,778073325,5561561,10057009,14857011,15791798,24008214,14147855,10470569,24758530,6584471,10612556,11599934,22176150,11288421,17046449,27960736,79369196,16784829,15608346,33244291,41826521,28663357,20579114,11492602
2018年07月08日,16368,230797,152146,1214068,5417,37338,8760,80753,395854,222810,342161,354602,50710,51017,17048,27803,96919,17253,36135,61037,11563,26575,19192,10960,839033,15574,48701,1104613,70026,30234,18691,39151,266700,140215,11768,84917,79042,109865,24824,41973,265621,3192694,17965,60284,80941,33822,57753,37574,2655803,742068,29597,425587,248484,218488,2298974,792278,45312,181036,694306,171013,64321,133047,253000,7148354,595927,4720147,1258336,1290819,2116973,4327132,218260,1102636,6756816,251015,2460536,1729206,157633,402366,207472,4195117,503599,4434789,327579,635357,780574,1220811,226946,577932,6444185,2863395,537299,653872,468277,369333,10594295,769717,260141,2099808,297773,12198221,26336105,2015291,4180889,2212813,540854,2140009,1136048,1434646,883913,21230270,50446510,2899955,6562070,1680798,3243644,19431095,3279857,77913308,1267673,2308453,1617177,6253983,10488376,3046214,7868153,9627571,26286282,9424471,4858970,8669637,13311951,56605722,25076875,23916868,8508788,12642930,778080768,5561561,10057009,14857011,15791798,24008214,14161538,10470569,24814196,6584471,10612556,11599934,22176150,11288421,17046449,27960736,79369196,16818061,15608346,33244291,42073170,28703100,21770408,12662677
2018年07月09日,16368,230797,152146,1214068,5417,37338,8760,80753,395854,222810,342161,354602,50710,51017,17048,27803,96919,17253,36135,61037,11563,26575,19192,10960,839033,15574,48701,1104613,70026,30234,18691,39151,266700,140215,11768,84917,79042,109865,24824,41973,265621,3192927,17965,60284,80941,33822,57753,37574,2655876,742068,29597,425587,248484,218488,2298974,792278,45312,181036,694306,171013,64321,133047,253000,7148354,595927,4720147,1258336,1290819,2116973,4327132,218260,1102636,6756816,251015,2460536,1729206,157633,402366,207472,4195117,503599,4434789,327579,635357,780574,1220811,226946,577932,6444179,2863395,537299,653872,468277,369333,10594295,769717,260141,2099808,297773,12198221,26336105,2015291,4180889,2212813,540854,2140009,1136048,1434646,883913,21258268,50446510,2899955,6562070,1680798,3243644,19431095,3279857,77913308,1267673,2308453,1617177,6253983,10488376,3046214,7868153,9627571,26286282,9427667,4858970,8669637,13311951,56797154,25192991,24070980,8508788,12642930,778088500,5561561,10057009,14857011,15791798,24008214,14161538,10470569,24930445,6584471,10612556,11599934,22176150,11288421,17046449,27961388,79369196,16827067,15608346,33244291,42373705,28724881,22873722,13732109
2018年07月10日,16368,230797,152146,1214068,5417,37338,8760,80753,395854,222810,342161,354602,50710,51017,17048,27803,96919,17253,36135,61037,11563,26575,19192,10960,839033,15574,48701,1104613,70026,30234,18691,39151,266700,140215,11768,84917,79042,109865,24824,41973,265621,3192949,17965,60284,80941,33822,57753,37574,2655948,742068,29597,425587,248484,218488,2298974,792278,45312,181036,694306,171013,64321,133047,253000,7148354,595927,4720147,1258336,1290819,2116973,4327132,218260,1102636,6770257,251015,2460536,1729206,157633,402366,207472,4195117,503599,4434789,327579,635357,780574,1220811,226946,577932,6444177,2863395,537299,653872,468277,369333,10594295,769717,260141,2099808,297773,12198221,26336105,2016488,4180889,2212813,540854,2151770,1136048,1434646,883913,21276296,50446510,2899955,6562070,1680798,3243644,19431095,3279857,77913308,1267673,2308453,1617177,6253983,10491295,3046214,7868153,9627571,26287411,9437951,4858970,8669637,13311951,56931654,25243366,24122978,8508788,12642930,778094488,5561561,10057009,14857011,15791798,24008214,14206235,10470569,25002322,6584471,10612556,11599934,22176150,11288421,17046449,27961388,79369196,16890059,15608346,33244291,42703298,28836353,22873722,14338853
2018年07月11日,16368,230797,152146,1214068,5417,37338,8760,80753,395854,222810,342161,354602,50710,51017,17048,27803,96919,17253,36135,61037,11563,26575,19192,10960,839033,15574,48701,1104613,70026,30234,18691,39151,266700,140215,11768,84917,79042,109865,24824,41973,265621,3192994,17965,60284,80941,33822,57753,37574,2656018,742068,29597,425587,248484,218488,2298974,792278,45312,181036,694306,171013,64321,133047,253000,7148354,595927,4720147,1258336,1290819,2116973,4327132,218260,1102636,6770257,251205,2460536,1729206,157633,402366,207472,4195117,504124,4434789,327579,635357,780574,1220811,226946,577932,6444168,2863395,537299,653872,468277,369333,10604382,769717,260141,2099808,297773,12198221,26337016,2016488,4180889,2212813,540854,2151770,1136048,1434646,883913,21276296,50446510,2899955,6562070,1680798,3247923,19431095,3279857,77913308,1267673,2308453,1617177,6253983,10491295,3046214,7868153,9627571,26287411,9439595,4858970,8669637,13385655,57164175,25243366,24133218,8508788,12642930,778105735,5561561,10057009,14870214,15791798,24008214,14206235,10470569,25052392,6584471,10612556,11599934,22176150,11398618,17046449,27971411,79369196,16890059,15608346,33244291,43136562,28966221,23427333,14452081
2018年07月12日,16368,230797,152253,1214068,5417,37338,8760,80753,395854,222810,342161,354602,50710,51017,17048,27803,96919,17253,36135,61037,11563,26575,19192,10960,839033,15574,48701,1104613,70026,30234,18691,39151,266700,140215,11768,84917,79042,109865,24824,41973,265621,3192994,17965,60284,80941,33822,57753,37574,2656091,742068,29597,425587,248484,218488,2298974,792278,45312,181036,694306,171013,64321,133047,253000,7148354,595927,4720147,1258336,1290819,2116973,4327132,218260,1102636,6770257,251326,2460536,1729206,157633,402366,207472,4195117,504124,4434789,327579,635357,780574,1220811,226946,577932,6444163,2863395,537299,653872,468277,369333,10604382,769717,260141,2099808,297773,12198221,26337016,2016488,4180889,2212813,540854,2172426,1136048,1434646,883913,21291930,50446510,2899955,6562070,1680798,3252593,19431095,3279857,77913308,1267673,2308453,1617177,6253983,10491295,3046214,7868153,9627571,26288258,9443904,4858970,8669637,13385655,57382813,25243366,24148745,8508788,12642930,778116793,5561561,10057009,14881955,15791798,24008214,14206235,10470569,25087686,6584471,10612556,11599934,22176150,11438170,17046449,27978137,79369196,16900923,15608346,33244291,43433992,29111015,24393623,15974923
2018年07月13日,16368,230797,152253,1214068,5417,37338,8760,80753,395854,222810,342161,354602,50710,51017,17048,27803,96919,17253,36135,61037,11563,26575,19192,10960,839033,15574,48701,1104613,70026,30234,18691,39151,266700,140215,11768,84917,79042,109865,24824,41973,265621,3192994,17965,60284,80941,33822,57753,37574,2666665,742068,29597,425587,248484,218488,2298974,792278,45312,181036,694306,171013,64321,133047,253000,7148354,595927,4720147,1258336,1290819,2116973,4327132,218260,1102636,6783333,251326,2460536,1729206,157633,402366,207472,4195117,504124,4434789,327579,635357,780574,1220811,226946,577932,6444159,2863395,537299,653872,468277,369333,10614314,769717,260141,2099808,297773,12198221,26337016,2016488,4180889,2212813,540854,2187087,1136048,1434646,883913,21318367,50446510,2899955,6562070,1680798,3252593,19431095,3279857,77913308,1267673,2308453,1617177,6253983,10491295,3046214,7868153,9632927,26290869,9455749,4858970,8669637,13385655,57506276,25252969,24148745,8508788,12642930,778121883,5561561,10057009,14894321,15791798,24008214,14290983,10470569,25135407,6584471,10612556,11599934,22176150,11438170,17046449,28410817,79369196,16947499,15608346,33244291,43746108,29120124,24788205,16650663
2018年07月14日,16368,230797,152253,1214068,5417,37338,8760,80753,395854,222810,342161,354602,50710,51017,17048,27803,96919,17253,36135,61037,11563,26575,19192,10960,839033,15574,48701,1104613,70026,30234,18691,39151,266700,140215,11768,84917,79042,109865,24824,41973,265621,3193224,17965,60284,80941,33822,57753,37574,2673591,742068,29597,425587,248484,218488,2298974,792278,45312,181036,694306,171013,64321,133047,253000,7148354,595927,4720147,1258336,1290819,2116973,4327132,218260,1102636,6783333,251326,2460536,1729206,157633,402366,207472,4195117,504124,4434789,327579,635357,780574,1220811,226946,577932,6444154,2863395,537299,653872,468277,369333,10624172,769717,260141,2099808,297773,12198221,26337016,2016488,4180889,2212813,540854,2195391,1136048,1434646,883913,21342657,50446510,2899955,6563715,1680798,3252593,19431095,3279857,77913308,1267673,2308453,1617177,6253983,10494858,3046214,7868153,9637875,26290869,9501123,4858970,8669637,13385655,57673318,25302968,24151907,8508788,12642930,778131516,5561561,10057009,14908357,15791798,24008214,14290983,10470569,25200459,6584471,10612556,11599934,22176150,11438170,17046449,29021960,79369196,16954573,15608346,33244291,43977189,29242811,24788205,17345830
2018年07月15日,16368,230797,152253,1214068,5417,37338,8760,80753,395854,222810,342161,354602,50710,51017,17048,27803,96919,17253,36135,61037,11563,26575,19192,10960,839033,15574,48701,1104613,70026,30234,18691,39151,266700,140215,11768,84917,79042,109865,24824,41973,265621,3193615,17965,60284,80941,33822,57753,37574,2676212,742068,29597,425587,248484,218488,2298974,792278,45312,181036,694306,171013,64321,133047,253000,7148354,595927,4720147,1258336,1290819,2116973,4327132,218260,1102636,6783333,251326,2460536,1729206,157633,402366,207472,4195117,504826,4438472,327579,635357,780574,1220811,226946,577932,6444149,2863395,537299,653872,468277,369333,10624172,769717,260141,2099808,297773,12198221,26337016,2016488,4184512,2212813,540854,2195391,1136048,1434646,883913,21389096,50446510,2899955,6566708,1680798,3252593,19431095,3279857,77913308,1267673,2308453,1617177,6253983,10494858,3046214,7868153,9646757,26375221,9501123,4858970,8669637,13385655,57878071,25406793,24221396,8508788,12642930,778141770,5561561,10057009,14908357,15791798,24008214,14290983,10470569,25271990,6584471,10612556,11599934,22176150,11438170,17046449,29021960,79369196,16983599,15608346,33244291,44274711,29354262,24798294,17874038
2018年07月16日,16368,230797,152253,1214068,5417,37338,8760,80753,395854,222810,342161,354602,50710,51017,17048,27803,96919,17253,36135,61037,11563,26575,19192,10960,839033,15574,48701,1104613,70026,30234,18691,39151,266700,140215,11768,84917,79042,109865,24824,41973,265621,3193615,17965,60284,80941,33822,57753,37574,2679551,742068,29597,425587,248484,218488,2298974,792278,45312,181036,694306,183193,64321,133047,253000,7148354,595927,4720147,1258336,1290819,2116973,4327132,218260,1102636,6791290,251405,2460536,1729206,157633,402366,207472,4195117,504826,4438472,327579,635357,780574,1220811,226946,577932,6444142,2867469,537299,653872,468277,369333,10624172,769717,260141,2099808,297773,12198221,26337016,2016488,4184512,2212813,540854,2195391,1136048,1434646,883913,21421480,50446510,2899955,6566708,1680798,3252593,19434346,3279857,77913308,1267673,2308453,1617177,6253983,10494858,3046214,7868153,9654966,26375221,9513271,4858970,8669637,13385655,58020376,25523219,24263799,8508788,12642930,778155311,5561561,10057009,14908357,15791798,24008214,14358200,10470569,25308262,6584471,10612556,11599934,22176150,11438170,17046449,29037030,79369196,17068702,15608346,33244291,44692322,29441514,24798294,18382814
2018年07月17日,16368,230797,152253,1214068,5417,37338,8760,80753,395854,222810,342161,354602,50710,51017,17048,27803,96919,17253,36135,61037,11563,26575,19192,10960,839033,15574,48701,1104613,70026,30234,18691,39151,266700,140215,11768,84917,79042,109865,24824,41973,265621,3193940,17965,60284,80941,33822,57753,37574,2682302,742068,29597,425587,248484,218488,2301871,792278,45312,181036,694306,183193,64321,133047,253000,7148354,595927,4720147,1258336,1290819,2116973,4327132,218260,1102636,6800221,251405,2460536,1729206,157633,402366,207472,4195117,504826,4438472,327579,635357,780574,1220811,226946,577932,6444140,2871884,537299,653872,468277,369333,10624172,769717,260141,2099808,297773,12198221,26337016,2023496,4186122,2212813,540854,2203118,1136048,1434646,883913,21432791,50446510,2899955,6566708,1680798,3252593,19434346,3279857,77913308,1267673,2308453,1617177,6253983,10498050,3046214,7868153,9663181,26375221,9513271,4858970,8669637,13385655,58159536,25556998,24328189,8508788,12642930,778162230,5561561,10057009,14910342,16044860,24008214,14358200,10470569,25424428,6584471,10612556,11599934,22176150,11452992,17046449,29037030,79369196,17079339,15608346,33244291,45026180,29519656,24798294,18382814
2018年07月18日,16368,230797,152253,1214068,5417,37338,8760,80753,395854,222810,342161,354602,50710,51017,17048,27803,96919,17253,36135,61037,11563,26575,19192,10960,839033,15574,48701,1104613,70026,30234,18691,39151,266700,140215,11768,84917,79042,109865,24824,41973,265621,3193940,17965,60284,80941,33822,57753,37574,2685787,742068,29597,425587,248484,218488,2301871,792278,45312,181036,694306,183193,64321,133047,253000,7148354,595927,4720147,1258336,1290819,2116973,4327132,218260,1102636,6800221,251405,2460536,1729206,157633,402366,207472,4195117,505688,4438472,327579,635357,780574,1220811,226946,577932,6444132,2871884,537299,653872,468277,369333,10633040,769717,260141,2099808,297773,12198221,26337016,2023496,4186122,2212813,540854,2203118,1136048,1434646,883913,21449625,50446510,2899955,6566708,1680798,3252593,19434346,3279857,77913308,1267673,2308453,1617177,6253983,10498050,3046214,7868153,9668726,26375221,9523577,4858970,8669637,13385655,58295730,25556998,24501940,8508788,12642930,778175982,5561561,10057009,14923543,16044860,24008214,14358200,10470569,25574709,6584471,10612556,11599934,22176150,11452992,17046449,29418018,79369196,17092980,15608346,33244291,45205332,29570760,24798294,18383878
2018年07月19日,16452,230797,152253,1214068,5417,37338,8760,80753,395854,222810,342161,354602,50710,51017,17048,27803,96919,17253,36135,61037,11563,26575,19192,10960,839033,15574,48701,1104613,70026,30234,18691,39151,266700,140215,11768,84917,79042,109865,24824,41973,265621,3195321,17965,60284,80941,33822,57753,37574,2686510,742068,29597,425587,248484,218488,2398179,792278,45312,181036,694306,183193,64321,133047,253000,7148354,595927,4720147,1258336,1290819,2116973,4327132,218260,1102636,6800221,251405,2460536,1729206,157633,402366,207472,4195117,505688,4438472,327579,635357,780574,1220811,226946,577932,6444127,2875967,537299,653872,468277,369333,10640969,769717,260141,2099808,297773,12198221,26337016,2023496,4186122,2212813,540854,2228931,1136048,1434646,883913,21475764,50446510,2899955,6566708,1680798,3252593,19441317,3279857,77913308,1267673,2308453,1617177,6253983,10580970,3046214,7874859,9675913,26375221,9523577,4858970,8669637,13385655,58439555,25565851,24521277,8508788,12642930,778191324,5561561,10057009,14929891,16044860,24008214,14358200,10470569,25672580,6584471,10612556,11599934,22176150,11452992,17046449,29540072,79369196,17776638,15608346,33244291,45457732,29579000,24798294,18384908
2018年07月20日,16452,230797,152253,1214068,5417,37338,8760,80753,395854,222810,342161,354602,50710,51017,17048,27803,96919,17253,36135,61037,11563,26575,19192,10960,839033,15574,48701,1104613,70026,30234,18691,39151,266700,140215,11768,84917,79042,109865,24824,41973,265621,3200515,17965,60284,80941,33822,57753,37574,2694762,742068,29597,425587,248484,218488,2398179,792278,45312,181036,694306,183193,64321,133047,253000,7148354,595927,4720147,1258336,1290819,2116973,4327132,218260,1102636,6812686,251405,2460536,1729206,157633,402366,207472,4195117,505688,4438472,327579,635357,780574,1220811,226946,577932,6444121,2875967,537299,653872,468277,369333,10650802,769717,260141,2099808,297773,12198221,26337016,2023496,4186122,2212813,540854,2228931,1136048,1434646,883913,21485512,50446510,2899955,6566708,1680798,3252593,19448314,3279857,77913308,1267673,2308453,1617177,6253983,10580970,3046214,7875033,9681843,26375221,9525092,4858970,8669637,13385655,58598017,25565851,24529143,8508788,12642930,778199718,5561561,10057009,14929891,16044860,24008214,14413292,10470569,25739918,6584471,10612556,11599934,22176150,11501028,17046449,29625544,79369196,17797386,15608346,33244291,45749526,29660759,24798294,18885000
2018年07月21日,16452,230797,152253,1214068,5417,37338,8760,80753,395854,222810,342161,354602,50710,51017,17048,27803,96919,17253,36135,61037,11563,26575,19192,10960,839033,15574,48701,1104613,70026,30234,18691,39151,266700,140215,11768,84917,79042,109865,24824,41973,265621,3200680,17965,60284,80941,33822,57753,37574,2696199,742068,29597,425587,248484,218488,2398179,792278,45312,181036,694306,183193,64321,133047,253000,7148354,595927,4720147,1258336,1290819,2116973,4327132,218260,1102636,6812686,251405,2460536,1729206,157633,402366,207472,4195117,505688,4438472,327579,635357,780574,1220811,226946,577932,6444114,2875967,537299,653872,468277,369333,10652665,769717,260141,2099808,297773,12198221,26337016,2023496,4188274,2212813,540854,2230962,1136048,1434646,883913,21508131,50446510,2899955,6566708,1680798,3252593,19448600,3279857,77913308,1267673,2308453,1617177,6253983,10583835,3046214,7875082,9738635,26375221,9525248,4858970,8669637,13385655,58760917,25616949,24548465,8508788,12642930,778209983,5561561,10057009,14945610,16044860,24008214,14535689,10470569,25815945,6584471,10612556,11599934,22176150,11501028,17046449,29625544,79369196,17899036,15608346,33244291,46030579,29708724,24798294,19706529
2018年07月22日,16452,230797,152253,1214068,5417,37338,8760,80753,395854,222810,342161,354602,50710,51017,17048,27803,96919,17253,36135,61037,11563,26575,19192,10960,839033,15574,48701,1104613,70026,30234,18691,39151,266700,140215,11768,84917,79042,109865,24824,41973,265621,3202699,17965,60284,80941,33822,57753,37574,2696270,742068,29597,425587,248484,218488,2398179,792278,45312,181036,694306,183193,64321,133047,253000,7148354,595927,4720147,1258336,1290819,2116973,4327132,218260,1102636,6812686,251405,2460536,1729206,157633,402366,207472,4195117,506576,4442513,327579,635357,780574,1220811,226946,577932,6444107,2875967,537299,653872,468277,369333,10652665,769717,260141,2099808,297773,12198221,26337016,2023496,4190246,2212813,540854,2262601,1136048,1434646,883913,21526788,50446510,2899955,6566708,1680798,3252593,19448600,3279857,77913308,1267673,2308453,1617177,6253983,10583835,3046214,7875082,9738635,26375221,9530823,4858970,8669637,13385655,58918177,25731729,24588942,8508788,12642930,778224954,5561561,10057009,14945610,16044860,24192029,14559704,10470569,26008512,6584471,10612556,11599934,22176150,11501028,17046449,29625544,79369196,17954604,15608346,33244291,46363361,29770181,24798294,19883263
2018年07月23日,16452,230797,152253,1214068,5417,37338,8760,80753,395854,222810,342161,354602,50710,51017,17048,27803,96919,17253,36135,61037,11563,26575,19192,10960,839033,15574,48701,1104613,70026,30234,18691,39151,266700,140215,11768,84917,79042,109865,24824,41973,265621,3206083,17965,60284,80941,33822,57753,37574,2696332,742068,29597,425587,248484,218488,2398179,792278,45312,181036,694306,183193,64321,133047,253000,7148354,595927,4720147,1258336,1290819,2116973,4327132,218260,1102636,6812686,251589,2460536,1729206,157633,402366,207472,4195117,507860,4442513,327579,635357,780574,1220811,226946,577932,6444100,2875967,537299,653872,468277,369333,10652665,769717,260141,2099808,297773,12198221,26337016,2023496,4190246,2212813,540854,2262601,1136048,1434646,883913,21536645,50446510,2899955,6569667,1680798,3252593,19448600,3279857,77913308,1267673,2308453,1617177,6253983,10583835,3046214,7875082,9738635,26379137,9536546,4858970,8669637,13385655,59064182,25821544,24667585,8508788,12642930,778228879,5561561,10057009,14945610,16044860,24192029,14611392,10470569,26217996,6584471,10612556,11599934,22176150,11501028,17046449,29625544,79369196,17979500,15608346,33244291,46697817,29770181,24798294,19883805
2018年07月24日,16452,232551,152253,1214068,5417,37338,8760,80753,395854,222810,342161,354602,50710,51017,17048,27803,96919,17253,36135,61037,11563,26575,19192,10960,839033,15574,48701,1104613,70026,30234,18691,39151,266700,140215,11768,84917,79042,109865,24824,41973,265621,3208474,17965,60284,80941,33822,57753,37574,2696404,742068,29597,425587,248484,218488,2398179,792278,45312,181036,694306,183193,64321,133047,253000,7148354,595927,4720147,1258336,1290819,2116973,4327132,218260,1102636,6812686,251589,2460536,1729206,157633,402366,207472,4195117,507860,4442513,327579,635357,780574,1220811,226946,577932,6444097,2875967,537299,653872,468277,369333,10652665,769717,260141,2099808,297773,12198221,26337016,2023496,4190246,2212813,540854,2262601,1136048,1434646,883913,21559304,50446510,2899955,6576273,1680798,3252593,19508642,3279857,77913308,1267673,2308453,1617177,6253983,10600477,3046214,7875082,9738635,26379137,9549900,4858970,8669637,13385655,59230995,25853825,24699272,8508788,12642930,778238198,5561561,10057009,14945610,16044860,24192029,14611392,10470569,26238897,6584471,10612556,11599934,22176150,11501028,17046449,29625581,79369196,17985139,15608346,33844283,46871702,29787014,24798294,20201860
2018年07月25日,16452,232551,152253,1214068,5417,37338,8760,80753,395854,222810,342161,354602,50710,51017,17048,27803,96919,17253,36135,61037,11563,26575,19192,10960,839033,15574,48701,1104613,70026,30234,18691,39151,266700,140215,11768,84917,79042,109865,24824,41973,265621,3208474,17965,60284,80941,33822,57753,37574,2696472,742068,29597,425587,248484,218488,2398179,792278,45312,181036,694306,183193,64321,133047,253000,7148354,595927,4720147,1258336,1290819,2116973,4327132,218260,1102636,6827790,251589,2460536,1729206,157633,402366,207472,4195117,508980,4442513,327579,635357,780574,1220811,226946,577932,6444091,2875967,537299,653872,468277,369333,10652665,769717,260141,2099808,297773,12198221,26337016,2023774,4190246,2212813,540854,2279060,1136048,1434646,883913,21577271,50446510,2899955,6576273,1680798,3252593,19508642,3279857,77913308,1267673,2308453,1617177,6253983,10600477,3046214,7875196,9738635,26379137,9558692,4858970,8669637,13385655,59463088,25853825,24723233,8508788,12642930,778248592,5561561,10057009,14957508,16044860,24192029,14675008,10470569,26264289,6584471,10612556,11599934,22176150,11562255,17046449,29625581,79369196,17988336,15608346,34676352,47205084,29905854,24798294,20520475
2018年07月26日,16452,232551,152253,1214068,5417,37338,8760,80753,395854,222810,342161,354602,50710,51017,17048,27803,96919,17253,36135,61037,11563,26575,19192,10960,839033,15574,48701,1104613,70026,30234,18691,39151,266700,140215,11768,84917,79042,109865,24824,41973,265621,3208474,17965,60284,80941,33822,57753,37574,2696521,742068,29597,425587,248484,218488,2398179,792278,45312,181036,694306,183193,64321,133047,253000,7148354,595927,4720147,1258336,1290819,2116973,4327132,218260,1102636,6835754,251788,2460536,1729206,157633,402366,207472,4195117,508980,4442513,327579,635357,780574,1220811,226946,577932,6444083,2879962,537299,653872,468277,369333,10652665,769717,260141,2099808,297773,12198221,26337016,2023774,4190246,2212813,540854,2310925,1136048,1434646,883913,21603279,50446510,2899955,6576273,1680798,3252593,19508642,3279857,77913308,1267673,2308453,1617177,6253983,10600477,3046214,7875196,9738635,26379137,9561584,4858970,8669637,13385655,59542172,25853825,24786776,8508788,12642930,778260418,5561561,10057009,14957508,16044860,24192029,14675008,10470569,26321230,6584471,10612556,11599934,22176150,11562255,17046449,29676871,79369196,17992750,15608346,34729982,47348275,29962937,24798294,20643361
2018年07月27日,16452,232551,152253,1214068,5417,37338,8760,80753,395854,222810,342161,354602,50710,51017,17048,27803,96919,17253,36135,61037,11563,26575,19192,10960,839033,15574,48701,1104613,70026,30234,18691,39151,266700,140215,11768,84917,79042,109865,24824,41973,265621,3208876,17965,60284,80941,33822,57753,37574,2696521,742068,29597,425587,248484,218488,2398179,792278,45312,181036,694306,183193,64321,133047,253000,7148354,595927,4720147,1258336,1290819,2116973,4327132,218260,1102636,6835754,251788,2460536,1729206,157633,402366,207472,4195117,508980,4442513,327579,635357,780574,1220811,226946,577932,6444078,2879962,537299,653872,468277,369333,10652665,769717,260141,2099808,297773,12198221,26337016,2023774,4190246,2212813,540854,2310925,1136048,1434646,883913,21620446,50446510,2899955,6576273,1680798,3252593,19517922,3279857,77913308,1267673,2308453,1617177,6253983,10600477,3046214,7875196,9738635,26379137,9564039,4858970,8669637,13385655,59718067,25853825,24839391,8508788,12642930,778273936,5561561,10057009,14961170,16044860,24192029,14675008,10470569,26381478,6584471,10612556,11599934,22176150,11562255,17046449,29676871,79369196,18026780,15608346,34816790,47519653,29991452,24798294,20643557
2018年07月28日,16452,232551,152253,1214068,5417,37338,8760,80753,395854,222810,342161,354602,50710,51017,17048,27803,96919,17253,36135,61037,11563,26575,19192,10960,839033,15574,48701,1104613,70026,30234,18691,39151,266700,140215,11768,84917,79042,109865,24824,41973,265621,3209089,17965,60284,80941,33822,57753,37574,2696521,742068,29597,425587,248484,218488,2398179,792278,45312,181036,694306,183193,64321,133047,253000,7148354,595927,4720147,1258336,1290819,2116973,4327132,218260,1102636,6835754,251788,2460536,1729206,157633,402366,207472,4195117,509800,4442513,327579,635357,780574,1220811,226946,577932,6444073,2879962,537299,653872,468277,369333,10652665,769717,260141,2099808,297773,12198221,26337016,2024328,4191866,2212813,540854,2316680,1136048,1434646,883913,21633373,50446510,2899955,6576273,1680798,3255850,19517922,3279857,77913308,1267673,2308453,1617177,6253983,10605847,3046214,7875196,9738635,26379137,9567801,4858970,8669637,13385655,59858180,25853825,24879475,8508788,12642930,778285412,5561561,10057009,14961170,16044860,24192029,14790003,10470569,26441155,6584471,10612556,11599934,22176150,11562255,17046449,29676871,79369196,18064018,15608346,34816790,47878209,30068716,24798294,20643557
2018年07月29日,16452,232551,152253,1214068,5417,37338,8760,80753,395854,222810,342161,354602,50710,51017,17048,27803,96919,17253,36135,61037,11563,26575,19192,10960,839033,15574,48701,1104613,70026,30234,18691,39151,266700,140215,11768,84917,79042,109865,24824,41973,265621,3211118,17965,60284,80941,33822,57753,37574,2697709,742068,29597,425587,248484,218488,2398179,792278,45312,181036,694306,200925,64321,133047,253000,7148354,595927,4720147,1258336,1290819,2116973,4327132,218260,1102636,6835754,251788,2460536,1729206,157633,402366,207472,4195117,509800,4442513,327579,635357,780574,1220811,226946,577932,6444068,2879962,537299,653872,468277,369333,10652665,769717,260141,2099808,297773,12198221,26337016,2024328,4193871,2212813,540854,2316680,1136048,1434646,883913,21650676,50446510,2899955,6576273,1680798,3255850,19533276,3279857,77913308,1267673,2308453,1617177,6253983,10605847,3046214,7875196,9738635,26379137,9569262,4858970,8669637,13385655,60050549,25878925,24926515,8508788,12642930,778299968,5561561,10057009,14961170,16044860,24192029,14790003,10470569,26531587,6584471,10612556,11599934,22176150,11562255,17046449,29676871,79369196,18105558,16140318,34923149,47878209,30107643,24798294,21141315
2018年07月30日,16452,232750,152253,1214068,5417,37338,8760,80753,395854,222810,342161,354602,50710,51017,17048,27803,96919,17253,36135,61037,11563,26575,19192,10960,839033,15574,48701,1104613,70026,30234,18691,39151,266700,140215,11768,84917,79042,109865,24824,41973,265621,3211220,17965,60284,80941,33822,57753,37574,2704073,742068,29597,425587,248484,218488,2398179,792278,45312,181036,694306,200925,64321,133047,253000,7148354,595927,4720147,1258336,1290819,2116973,4327132,218260,1102636,6835754,251788,2460536,1729206,157633,402366,207472,4195117,510628,4442513,327579,635357,780574,1220811,226946,577932,6444058,2879962,537299,653872,468277,369333,10652665,769717,260141,2099808,297773,12198221,26337016,2024328,4193871,2212813,540854,2316680,1136048,1434646,883913,21667089,50446510,2899955,6576273,1680798,3255850,19594679,3279857,77913308,1267673,2308453,1617177,6253983,10612723,3046214,7875196,9738635,26379137,9571477,4858970,8669637,13385655,60220464,25878925,25085046,8508788,12642930,778311055,5561561,10057009,14961170,16044860,24206474,14872403,10470569,26555893,6584471,10612556,11599934,22176150,11562255,17046449,29676871,79369196,18144676,16140318,34923149,47878209,30130941,24798294,21319306
2018年07月31日,16452,232750,152253,1214068,5417,37338,8760,80753,395854,222810,342161,354602,50710,51017,17048,27803,96919,17253,36135,61037,11563,26575,19192,10960,839033,15574,48701,1104613,70026,30234,18691,39151,266700,140215,11768,84917,79042,109865,24824,41973,265621,3211220,17965,60284,80941,33822,57753,37574,2704073,742068,29597,425587,248484,218488,2398179,792278,45312,181036,694306,200925,64321,133047,253000,7148354,595927,4720147,1258336,1290819,2116973,4327132,218260,1102636,6854233,251788,2460536,1729206,157633,402366,207472,4195117,510628,4442513,327579,635357,780574,1220811,226946,577932,6444055,2879962,537299,653872,468277,369333,10652665,769717,260141,2099808,297773,12198221,26337016,2024328,4193871,2212813,540854,2316680,1136048,1434646,883913,21683139,50446510,2899955,6576273,1680798,3255850,19594679,3279857,77913308,1267673,2308453,1617177,6253983,10615705,3046214,7875196,9738635,26380110,9575857,4858970,8669637,13385655,60311097,25878925,25156836,8508788,12642930,778332782,5561561,10057009,14961170,16044860,24206474,14993815,10470569,26625707,6584471,10612556,11599934,22176150,11562255,17046449,29676906,79369196,18157398,16273534,34923149,47878209,30130941,24798294,21319306
2018年08月01日,16452,232750,152253,1214068,5417,37338,8760,80753,395854,222810,342161,354602,50710,51017,17048,27803,96919,17253,36135,61037,11563,26575,19192,10960,839033,15574,48701,1104613,70026,30234,18691,39151,266700,140215,11768,84917,79042,109865,24824,41973,265621,3211220,17965,60284,80941,33822,57753,37574,2704073,742068,29597,425587,248484,218488,2398179,792278,45312,181036,694306,200925,64321,133047,253000,7148354,595927,4720147,1258336,1290819,2116973,4327132,218260,1102636,6873224,251788,2460536,1729206,157633,402366,207472,4195117,510628,4442513,327579,635357,780574,1220811,226946,577932,6444045,2879962,537299,653872,468277,369333,10652665,769717,260141,2099808,297773,12198221,26337016,2024328,4193871,2212813,540854,2325564,1136048,1434646,883913,21702819,50446510,2899955,6576273,1680798,3255850,19601536,3279857,77913308,1267673,2308453,1617177,6253983,10615705,3046214,7875196,9738635,26380110,9581592,4858970,8669637,13385655,60629173,25878925,25202498,8508788,12642930,778337867,5561561,10057009,14967913,16044860,24206474,15133823,10470569,26697196,6584471,10612556,11599934,22176150,11586130,17046449,29676906,79369196,18181007,16318943,34925940,47878209,30130941,24798294,21593984
2018年08月02日,16452,232750,152253,1214068,5417,37338,8760,80753,395854,222810,342161,354602,50710,51017,17048,27803,96919,17253,36135,61037,11563,26575,19192,10960,839033,15574,48701,1104613,70026,30234,18691,39151,266700,140215,11768,84917,79042,109865,24824,41973,265621,3211916,17965,60284,80941,33822,57753,37574,2704073,742068,29597,425587,248484,218488,2398179,792278,45312,181036,694306,200925,64321,133047,253000,7148354,595927,4720147,1258336,1290819,2116973,4327132,218260,1102636,6884310,251788,2460536,1729206,157633,402366,207472,4195117,511438,4442513,327579,635357,780574,1220811,226946,577932,6444028,2879962,537299,653872,468277,369333,10652665,769717,260141,2099808,297773,12198221,26337016,2024328,4193871,2212813,540854,2327045,1136048,1434646,883913,21722502,50446510,2899955,6576273,1680798,3255850,19601536,3279857,77913308,1267673,2308453,1617177,6253983,10625283,3046214,7875196,9738635,26380110,9606231,4858970,8669637,13385655,60838839,25878925,25227717,8508788,12642930,778358065,5561561,10057009,14967913,16044860,24206474,15283974,10470569,26850992,6584471,10612556,11599934,22176150,11610478,17046449,29676906,79369196,18195424,16318943,34925940,47993861,30130941,24798294,21593984
2018年08月03日,16452,232750,152253,1214068,5417,37338,8760,80753,395854,222810,342161,354602,50710,51017,17048,27803,96919,17253,36135,61037,11563,26575,19192,10960,839033,15574,48701,1104613,70026,30234,18691,39151,266700,140215,11768,84917,79042,109865,24824,41973,265621,3211916,17965,60284,80941,33822,57753,37574,2711156,742068,29597,425587,248484,218488,2398179,792278,45312,181036,694306,200925,64321,133047,253000,7148354,595927,4720147,1258336,1290819,2116973,4327132,218260,1102636,6893121,251895,2460536,1729206,157633,402366,207472,4195117,511438,4442513,327579,635357,780574,1220811,226946,577932,6444024,2879962,537299,653872,468277,369333,10652665,769717,260141,2099808,297773,12198221,26337016,2029975,4193871,2212813,540854,2327045,1136048,1434646,883913,21737751,50446510,2899955,6576273,1680798,3258299,19601536,3279857,77913308,1267673,2308453,1617177,6253983,10625283,3046214,7875196,9738635,26380110,9606563,4858970,8669637,13385655,60950745,25878925,25263426,8508788,12642930,778369046,5561561,10057009,14967913,16044860,24206474,15389708,10470569,26907518,6584471,10612556,11599934,22176150,11755662,17046449,29676906,79369196,18210798,16318943,34935023,48101040,30130941,24798294,21846261
